,name,year,rating,runtime
1,The Adam Project,-2022,6.8,106 min
2,Turning Red,-2022,7.1,100 min
3,Spider-Man: No Way Home,-2021,8.6,148 min
4,The King's Man,-2021,6.3,131 min
5,Uncharted,-2022,6.7,116 min
6,Free Guy,-2021,7.2,115 min
7,Dune,-2021,8.1,155 min
8,Sing 2,-2021,7.5,110 min
9,Eternals,-2021,6.4,156 min
10,Ghostbusters: Afterlife,-2021,7.2,124 min
11,Batman,-1989,7.5,126 min
12,No Time to Die,-2021,7.3,163 min
13,The Suicide Squad,-2021,7.2,132 min
14,Batman Forever,-1995,5.4,121 min
15,Avengers: Endgame,-2019,8.4,181 min
16,Kingsman: The Secret Service,-2014,7.7,129 min
17,Zack Snyder's Justice League,-2021,8.1,242 min
18,Interstellar,-2014,8.7,169 min
19,The Green Knight,-2021,6.6,130 min
20,Shang-Chi and the Legend of the Ten Rings,-2021,7.5,132 min
21,Inception,-2010,8.8,148 min
22,Venom: Let There Be Carnage,-2021,6,97 min
23,Harry Potter and the Sorcerer's Stone,-2001,7.6,152 min
24,Batman v Superman: Dawn of Justice,-2016,6.5,152 min
25,The Lord of the Rings: The Fellowship of the Ring,-2001,8.9,178 min
26,Mad Max: Fury Road,-2015,8.1,120 min
27,Spider-Man: Homecoming,-2017,7.4,133 min
28,Inglourious Basterds,-2009,8.3,153 min
29,Spider-Man,-2002,7.4,121 min
30,Avengers: Infinity War,-2018,8.5,149 min
31,Kingsman: The Golden Circle,-2017,6.7,141 min
32,Black Widow,-2021,6.7,134 min
33,Dune,-1984,6.3,137 min
34,Spider-Man: Into the Spider-Verse,-2018,8.4,117 min
35,Deadpool,-2016,8,108 min
36,Starship Troopers,-1997,7.3,129 min
37,The Hobbit: An Unexpected Journey,-2012,7.8,169 min
38,The Hunger Games,-2012,7.2,142 min
39,Jurassic Park,-1993,8.2,127 min
40,Battleship,-2012,5.8,131 min
41,Deadpool 2,-2018,7.7,119 min
42,John Carter,-2012,6.6,132 min
43,Fantastic Beasts and Where to Find Them,-2016,7.3,132 min
44,Fantastic Beasts: The Crimes of Grindelwald,-2018,6.5,134 min
45,Star Wars,-1977,8.6,121 min
46,Independence Day,-1996,7,145 min
47,Guardians of the Galaxy,-2014,8.1,121 min
48,Avatar,-2009,7.9,162 min
49,Shrek 2,-2004,7.3,93 min
50,Cruella,-2021,7.4,134 min
51,X: First Class,-2011,7.7,131 min
52,The Lord of the Rings: The Return of the King,-2003,9,201 min
53,Suicide Squad,-2016,5.9,123 min
54,Spider-Man: Far from Home,-2019,7.4,129 min
55,Stand by Me,-1986,8.1,89 min
56,Raya and the Last Dragon,-2021,7.3,107 min
57,Stardust,-2007,7.6,127 min
58,Black Panther,-2018,7.3,134 min
59,Charlie's Angels,-2019,4.9,118 min
60,Thor: Ragnarok,-2017,7.9,130 min
61,Justice League,-2017,6.1,120 min
62,Gladiator,-2000,8.5,155 min
63,Venom,-2018,6.7,112 min
64,Pirates of the Caribbean: The Curse of the Black Pearl,-2003,8.1,143 min
65,Star Wars: The Rise Of Skywalker,-2019,6.5,141 min
66,Luca,-2021,7.5,95 min
67,Captain Marvel,-2019,6.8,123 min
68,Shrek,-2001,7.9,90 min
69,Ant-Man,-2015,7.3,117 min
70,Jungle Cruise,-2021,6.6,127 min
71,Ready Player One,-2018,7.4,140 min
72,Divergent,-2014,6.7,139 min
73,The Princess Bride,-1987,8,98 min
74,Back to the Future,-1985,8.6,116 min
75,Star Wars: Episode I - The Phantom Menace,-1999,6.5,136 min
76,Harry Potter and the Goblet of Fire,-2005,7.7,157 min
77,War for the Planet of the Apes,-2017,7.4,140 min
78,The Amazing Spider-Man,-2012,7,136 min
79,Rogue One: A Star Wars Story,-2016,7.8,133 min
80,The Grand Budapest Hotel,-2014,8.1,99 min
81,Wonder Woman,-2017,7.4,141 min
82,The Tomorrow War,-2021,6.6,138 min
83,The Fifth Element,-1997,7.7,126 min
84,Moana,(I) (2016),7.6,107 min
85,Around the World in 80 Days,-1956,6.7,175 min
86,Beauty and the Beast,(I) (2017),7.1,129 min
87,Jumanji: Welcome to the Jungle,-2017,6.9,119 min
88,Iron Man,-2008,7.9,126 min
89,Jumanji: The Next Level,-2019,6.7,123 min
90,The Lego Batman Movie,-2017,7.3,104 min
91,The Lion King,-1994,8.5,88 min
92,Star Wars: Episode III - Revenge of the Sith,-2005,7.6,140 min
93,Dawn of the Planet of the Apes,-2014,7.6,130 min
94,Birds of Prey,-2020,6,109 min
95,Captain America: The First Avenger,-2011,6.9,124 min
96,The Mitchells vs the Machines,-2021,7.7,113 min
97,The Mummy,-1999,7.1,124 min
98,Doctor Strange,-2016,7.5,115 min
99,Spider-Man 3,-2007,6.3,139 min
100,Hook,-1991,6.8,142 min
101,Man of Steel,-2013,7.1,143 min
102,Harry Potter and the Prisoner of Azkaban,-2004,7.9,142 min
103,The Lord of the Rings: The Two Towers,-2002,8.8,179 min
104,Mission: Impossible - Fallout,-2018,7.7,147 min
105,Thor,-2011,7,115 min
106,It's a Mad Mad Mad Mad World,-1963,7.5,210 min
107,Prometheus,(I) (2012),7,124 min
108,The Avengers,-2012,8.1,143 min
109,X-Men: Apocalypse,-2016,6.9,144 min
110,The Lost City of Z,-2016,6.6,141 min
111,Transformers,-2007,7.1,144 min
112,Indiana Jones and the Raiders of the Lost Ark,-1981,8.4,115 min
113,Wonder Woman 1984,-2020,5.4,151 min
114,Pacific Rim,-2013,6.9,131 min
115,The Goonies,-1985,7.7,114 min
116,Cars,-2006,7.2,117 min
117,Ben-Hur,-1959,8.1,212 min
118,Star Wars: Episode VII - The Force Awakens,-2015,7.9,138 min
119,The Blue Lagoon,-1980,5.8,104 min
120,Harry Potter and the Deathly Hallows: Part 2,-2011,8.2,130 min
121,Spirited Away,-2001,8.6,125 min
122,The Amazing Spider-Man 2,-2014,6.6,142 min
123,Scooby-Doo,-2002,5.2,86 min
124,Aliens,-1986,8.4,137 min
125,Spider-Man 2,-2004,7.4,127 min
126,Dolittle,-2020,5.6,101 min
127,Harry Potter and the Deathly Hallows: Part 1,-2010,7.7,146 min
128,The Impossible,-2012,7.6,114 min
129,Ender's Game,-2013,6.6,114 min
130,Zootopia,-2016,8,108 min
131,The Hunger Games: Catching Fire,-2013,7.5,146 min
132,Escape Room: Tournament of Champions,-2021,5.7,88 min
133,Charlie and the Chocolate Factory,-2005,6.7,115 min
134,Casino Royale,-2006,8,144 min
135,Finch,-2021,6.9,115 min
136,Shazam!,-2019,7,132 min
137,Coco,(I) (2017),8.4,105 min
138,"The Good, the Bad and the Ugly",-1966,8.8,178 min
139,Aquaman,-2018,6.9,143 min
140,Frozen,(I) (2013),7.5,102 min
141,E.T. the Extra-Terrestrial,-1982,7.9,115 min
142,Mulan,-2020,5.7,115 min
143,Star Wars: Episode II - Attack of the Clones,-2002,6.6,142 min
144,Captain America: Civil War,-2016,7.8,147 min
145,The Magnificent Seven,-2016,6.9,132 min
146,The Revenant,-2015,8,156 min
147,Almost Famous,-2000,7.9,122 min
148,Mortal Kombat,-2021,6.1,110 min
149,Ratatouille,-2007,8.1,111 min
150,Sonic the Hedgehog,-2020,6.5,99 min
151,Star Wars: Episode V - The Empire Strikes Back,-1980,8.7,124 min
152,X-Men,-2000,7.4,104 min
153,Kingdom of Heaven,-2005,7.2,144 min
154,Alita: Battle Angel,-2019,7.3,122 min
155,Jurassic World,-2015,7,124 min
156,Guardians of the Galaxy Vol. 2,-2017,7.6,136 min
157,2012,(I) (2009),5.8,158 min
158,Avengers: Age of Ultron,-2015,7.3,141 min
159,The Incredibles,-2004,8.1,115 min
160,Robin Hood: Men in Tights,-1993,6.7,104 min
161,Ron's Gone Wrong,-2021,7.1,107 min
162,2001: A Space Odyssey,-1968,8.3,149 min
163,Solo: A Star Wars Story,-2018,6.9,135 min
164,Into the Wild,-2007,8.1,148 min
165,The Lion King,-2019,6.9,118 min
166,Soul,-2020,8.1,100 min
167,Inside Out,(I) (2015),8.2,95 min
168,Chaos Walking,-2021,5.7,109 min
169,High Life,-2018,5.8,113 min
170,Harry Potter and the Order of the Phoenix,-2007,7.5,138 min
171,Aladdin,-2019,6.9,128 min
172,Jaws,-1975,8.1,124 min
173,Cinderella,(I) (2015),6.9,105 min
174,Harry Potter and the Chamber of Secrets,-2002,7.4,161 min
175,X-Men: Dark Phoenix,-2019,5.7,113 min
176,Men in Black,-1997,7.3,98 min
177,The Ice Road,-2021,5.6,109 min
178,World War Z,-2013,7,116 min
179,Star Trek,-2009,8,127 min
180,Jumanji,-1995,7,104 min
181,Batman: Mask of the Phantasm,-1993,7.8,76 min
182,Star Wars: Episode VI - Return of the Jedi,-1983,8.3,131 min
183,Star Wars: Episode VIII - The Last Jedi,-2017,6.9,152 min
184,Batman,-1966,6.5,105 min
185,Pirates of the Caribbean: Dead Men Tell No Tales,-2017,6.6,129 min
186,The Hitchhiker's Guide to the Galaxy,-2005,6.7,109 min
187,Howl's Moving Castle,-2004,8.2,119 min
188,"The Chronicles of Narnia: The Lion, the Witch and the Wardrobe",-2005,6.9,143 min
189,Ant-Man and the Wasp,-2018,7,118 min
190,Bumblebee,(I) (2018),6.7,114 min
191,Spectre,(I) (2015),6.8,148 min
192,Up,-2009,8.3,96 min
193,Willow,-1988,7.2,126 min
194,The Rock,-1996,7.4,136 min
195,Cast Away,-2000,7.8,143 min
196,The Hobbit: The Desolation of Smaug,-2013,7.8,161 min
197,The Martian,-2015,8,144 min
198,Harry Potter and the Half-Blood Prince,-2009,7.6,153 min
199,Captain America: The Winter Soldier,-2014,7.8,136 min
200,The Wizard of Oz,-1939,8.1,102 min
201,Twister,(I) (1996),6.4,113 min
202,Annihilation,(I) (2018),6.8,115 min
203,Snake Eyes,-2021,5.4,121 min
204,Iron Man Three,-2013,7.2,130 min
205,Oz the Great and Powerful,-2013,6.3,130 min
206,Skyfall,-2012,7.8,143 min
207,Toy Story,-1995,8.3,81 min
208,Robin Hood,-2018,5.3,116 min
209,Space Jam: A New Legacy,-2021,4.4,115 min
210,Planet of the Apes,-2001,5.7,119 min
211,Aladdin,-1992,8.1,90 min
212,Apocalypto,-2006,7.8,139 min
213,Ad Astra,-2019,6.5,123 min
214,"O Brother, Where Art Thou?",-2000,7.7,107 min
215,X-Men: Days of Future Past,-2014,8,132 min
216,The Twilight Saga: Breaking Dawn - Part 2,-2012,5.6,115 min
217,Transformers: The Last Knight,-2017,5.2,154 min
218,Kate,(I) (2021),6.2,106 min
219,National Treasure,-2004,6.9,131 min
220,Indiana Jones and the Temple of Doom,-1984,7.5,118 min
221,Edge of Tomorrow,-2014,7.9,113 min
222,Enola Holmes,-2020,6.6,123 min
223,Finding Nemo,-2003,8.2,100 min
224,Highlander,-1986,7.1,116 min
225,Hercules,-1997,7.3,93 min
226,Austin Powers: International Man of Mystery,-1997,7,89 min
227,Tangled,-2010,7.8,100 min
228,King Kong,-2005,7.2,187 min
229,Despicable Me,-2010,7.6,95 min
230,Predator,-1987,7.8,107 min
231,The Dirty Dozen,-1967,7.7,150 min
232,Escape Room,(I) (2019),6.4,99 min
233,Valerian and the City of a Thousand Planets,-2017,6.5,136 min
234,In the Heart of the Sea,-2015,6.9,122 min
235,Jurassic World: Fallen Kingdom,-2018,6.2,128 min
236,Total Recall,-1990,7.5,113 min
237,Where the Wild Things Are,-2009,6.7,101 min
238,Dances with Wolves,-1990,8.1,181 min
239,Pushpa: The Rise - Part 1,-2021,8,179 min
240,WALL?E,-2008,8.4,98 min
241,Terminator: Dark Fate,-2019,6.2,128 min
242,The Hunt for Red October,-1990,7.6,135 min
243,Idiocracy,-2006,6.5,84 min
244,Commando,-1985,6.7,90 min
245,Gods of Egypt,-2016,5.4,127 min
246,G.I. Joe: The Rise of Cobra,-2009,5.7,118 min
247,The A-Team,-2010,6.7,117 min
248,Big Fish,-2003,8,125 min
249,The Witches,-2020,5.3,106 min
250,The Lost World: Jurassic Park,-1997,6.5,129 min
251,The Hobbit: The Battle of the Five Armies,-2014,7.4,144 min
252,The Old Guard,-2020,6.6,125 min
253,Superman,-1978,7.4,143 min
254,Indiana Jones and the Last Crusade,-1989,8.3,127 min
255,Rampage,-2018,6.1,107 min
256,Kung Fu Panda,-2008,7.6,92 min
257,King Arthur: Legend of the Sword,-2017,6.7,126 min
258,Fantastic Mr. Fox,-2009,7.9,87 min
259,Pirates of the Caribbean: Dead Man's Chest,-2006,7.4,151 min
260,Green Lantern,-2011,5.5,114 min
261,The Descent,-2005,7.2,99 min
262,Shrek the Third,-2007,6.1,93 min
263,Joe Dirt,-2001,6,91 min
264,The Parent Trap,-1998,6.6,128 min
265,The Man from U.N.C.L.E.,-2015,7.2,116 min
266,Mission: Impossible - Rogue Nation,-2015,7.4,131 min
267,King Arthur,-2004,6.3,126 min
268,The Lego Movie,-2014,7.7,100 min
269,Superman Returns,-2006,6.1,154 min
270,Iron Man 2,-2010,7,124 min
271,"Monsters, Inc.",-2001,8.1,92 min
272,Master and Commander: The Far Side of the World,-2003,7.4,138 min
273,Incredibles 2,-2018,7.6,118 min
274,Thor: The Dark World,-2013,6.8,112 min
275,Maleficent,-2014,7,97 min
276,Blood Diamond,-2006,8,143 min
277,Brave,-2012,7.1,93 min
278,National Lampoon's Vacation,-1983,7.3,98 min
279,The Road,(I) (2009),7.2,111 min
280,Love and Monsters,(I) (2020),7,109 min
281,Conan the Barbarian,-1982,6.9,129 min
282,Reign of Fire,-2002,6.2,101 min
283,Tomb Raider,-2018,6.3,119 min
284,Teenage Mutant Ninja Turtles,-1990,6.8,93 min
285,Alice in Wonderland,(I) (2010),6.4,108 min
286,Pirates of the Caribbean: On Stranger Tides,-2011,6.6,136 min
287,Total Recall,(I) (2012),6.2,118 min
288,A Knight's Tale,-2001,6.9,132 min
289,The Incredible Hulk,-2008,6.7,112 min
290,Mulan,-1998,7.6,88 min
291,Die Hard with a Vengeance,-1995,7.6,128 min
292,Fast & Furious Presents: Hobbs & Shaw,-2019,6.5,137 min
293,Fear and Loathing in Las Vegas,-1998,7.5,118 min
294,Spaceballs,-1987,7.1,96 min
295,Van Helsing,-2004,6,131 min
296,Lost in Space,-1998,5.2,130 min
297,The NeverEnding Story,-1984,7.4,102 min
298,Ice Age,-2002,7.5,81 min
299,Frozen II,-2019,6.8,103 min
300,Armageddon,-1998,6.7,151 min
301,Knight and Day,-2010,6.3,109 min
302,Toy Story 4,-2019,7.7,100 min
303,Star Trek Beyond,-2016,7,122 min
304,Big Hero 6,-2014,7.8,102 min
305,Percy Jackson & the Olympians: The Lightning Thief,-2010,5.9,118 min
306,Serenity,-2005,7.8,119 min
307,The Life Aquatic with Steve Zissou,-2004,7.3,119 min
308,Teenage Mutant Ninja Turtles,-2014,5.8,101 min
309,The Secret Life of Walter Mitty,-2013,7.3,114 min
310,Pirates of the Caribbean: At World's End,-2007,7.1,169 min
311,The Marksman,-2021,5.6,108 min
312,The Bourne Legacy,-2012,6.6,135 min
313,The Day After Tomorrow,-2004,6.4,124 min
314,A Bug's Life,-1998,7.2,95 min
315,Night at the Museum,-2006,6.4,108 min
316,The Twilight Saga: Eclipse,-2010,5,124 min
317,Sausage Party,-2016,6.1,89 min
318,Sherlock Holmes,-2009,7.6,128 min
319,Triple Frontier,-2019,6.4,125 min
320,Lawrence of Arabia,-1962,8.3,218 min
321,Quantum of Solace,-2008,6.6,106 min
322,The Beach,(I) (2000),6.6,119 min
323,Good Boys,-2019,6.7,90 min
324,Demon Slayer the Movie: Mugen Train,-2020,8.3,117 min
325,Vacation,(I) (2015),6.1,99 min
326,TRON: Legacy,-2010,6.8,125 min
327,The Little Mermaid,-1989,7.6,83 min
328,The Book of Eli,-2010,6.8,118 min
329,Princess Mononoke,-1997,8.4,134 min
330,Labyrinth,-1986,7.3,101 min
331,Speed,-1994,7.3,116 min
332,Godzilla,-2014,6.4,123 min
333,Enchanted,-2007,7.1,107 min
334,The Mummy Returns,-2001,6.4,130 min
335,The Peanut Butter Falcon,-2019,7.6,97 min
336,The Blues Brothers,-1980,7.9,133 min
337,GoldenEye,-1995,7.2,130 min
338,Deliverance,-1972,7.7,109 min
339,The Twilight Saga: Breaking Dawn - Part 1,-2011,4.9,117 min
340,Paddington,-2014,7.3,95 min
341,How to Train Your Dragon,-2010,8.1,98 min
342,Onward,(I) (2020),7.4,102 min
343,Oblivion,(I) (2013),7,124 min
344,Mission: Impossible,-1996,7.1,110 min
345,Stargate,-1994,7,116 min
346,X-Men: The Last Stand,-2006,6.7,104 min
347,Sicario: Day of the Soldado,-2018,7.1,122 min
348,Hellboy,-2019,5.2,120 min
349,The Hunger Games: Mockingjay - Part 2,-2015,6.5,137 min
350,Independence Day: Resurgence,-2016,5.2,120 min
351,Gemini Man,-2019,5.7,117 min
352,Monster Hunter,(I) (2020),5.3,103 min
353,The Last of the Mohicans,-1992,7.7,112 min
354,Thelma & Louise,-1991,7.5,130 min
355,Cannibal Holocaust,-1980,5.8,95 min
356,Sucker Punch,-2011,6.1,110 min
357,Godzilla: King of the Monsters,-2019,6,132 min
358,The Three Musketeers,-2011,5.7,110 min
359,The Expendables 3,-2014,6.1,126 min
360,The Count of Monte Cristo,-2002,7.7,131 min
361,The Predator,-2018,5.3,107 min
362,Into the Woods,-2014,5.9,125 min
363,Inferno,(I) (2016),6.2,121 min
364,Okja,-2017,7.3,120 min
365,Transformers: Dark of the Moon,-2011,6.2,154 min
366,Toy Story 3,-2010,8.3,103 min
367,Mad Max,-1979,6.9,88 min
368,Wreck-It Ralph,-2012,7.7,101 min
369,Fool's Gold,(I) (2008),5.7,112 min
370,Hellboy,-2004,6.9,122 min
371,Underworld: Blood Wars,-2016,5.7,91 min
372,Warcraft,-2016,6.8,123 min
373,I Am Number Four,-2011,6.1,111 min
374,Transformers: Revenge of the Fallen,-2009,6,149 min
375,Monty Python and the Holy Grail,-1975,8.2,91 min
376,Transformers: Age of Extinction,-2014,5.6,165 min
377,Galaxy Quest,-1999,7.4,102 min
378,Kong: Skull Island,-2017,6.7,118 min
379,"Honey, I Shrunk the Kids",-1989,6.4,93 min
380,Holes,-2003,7,117 min
381,Charlie's Angels,-2000,5.6,98 min
382,Planet of the Apes,-1968,8,112 min
383,The Hunger Games: Mockingjay - Part 1,-2014,6.6,123 min
384,Street Fighter,-1994,4,102 min
385,San Andreas,-2015,6.1,114 min
386,Legend,-1985,6.4,94 min
387,The Expendables,-2010,6.4,103 min
388,First Blood,-1982,7.7,93 min
389,The Princess and the Frog,-2009,7.1,97 min
390,The Lego Movie 2: The Second Part,-2019,6.6,107 min
391,War of the Worlds,-2005,6.5,116 min
392,Mission: Impossible - Ghost Protocol,-2011,7.4,132 min
393,The Croods: A New Age,-2020,7,95 min
394,Paul,-2011,7,104 min
395,Riddick,-2013,6.4,119 min
396,Pacific Rim: Uprising,-2018,5.6,111 min
397,Lilo & Stitch,-2002,7.3,85 min
398,Big Trouble in Little China,-1986,7.3,99 min
399,Hugo,-2011,7.5,126 min
400,Minions,-2015,6.4,91 min
401,Prince of Persia: The Sands of Time,-2010,6.6,116 min
402,Star Trek Into Darkness,-2013,7.7,132 min
403,Apollo 13,(I) (1995),7.7,140 min
404,The Twilight Saga: New Moon,-2009,4.7,130 min
405,Journey 2: The Mysterious Island,-2012,5.7,94 min
406,Super Mario Bros.,-1993,4.1,104 min
407,Peter Pan,-2003,6.8,113 min
408,Madagascar,-2005,6.9,86 min
409,S.W.A.T.,-2003,6,117 min
410,Despicable Me 2,-2013,7.3,98 min
411,Adventures in Babysitting,-1987,6.9,102 min
412,Jupiter Ascending,-2015,5.3,127 min
413,Scoob!,-2020,5.6,93 min
414,Life of Pi,-2012,7.9,127 min
415,The Imaginarium of Doctor Parnassus,-2009,6.8,123 min
416,Everest,-2015,7.1,121 min
417,Hunt for the Wilderpeople,-2016,7.8,101 min
418,Men in Black 3,-2012,6.8,106 min
419,Indiana Jones and the Kingdom of the Crystal Skull,-2008,6.2,122 min
420,Men in Black: International,-2019,5.6,114 min
421,Chef,-2014,7.3,114 min
422,Smokey and the Bandit,-1977,7,96 min
423,Tom and Jerry,-2021,5.3,101 min
424,Allegiant,-2016,5.7,120 min
425,Back to the Future Part II,-1989,7.9,108 min
426,Teenage Mutant Ninja Turtles: Out of the Shadows,-2016,5.9,112 min
427,The Call of the Wild,-2020,6.7,100 min
428,The Adventures of Robin Hood,-1938,7.9,102 min
429,Tomorrowland,-2015,6.4,130 min
430,The Mask of Zorro,-1998,6.8,136 min
431,Robin Hood,-2010,6.6,140 min
432,Austin Powers: The Spy Who Shagged Me,-1999,6.6,95 min
433,The Brothers Grimm,-2005,5.9,118 min
434,Night at the Museum: Secret of the Tomb,-2014,6.2,98 min
435,Fantastic Four,-2015,4.3,100 min
436,Isle of Dogs,-2018,7.8,101 min
437,Jurassic Park III,-2001,5.9,92 min
438,Atlantis: The Lost Empire,-2001,6.9,95 min
439,The Emperor's New Groove,-2000,7.4,78 min
440,Who Framed Roger Rabbit,-1988,7.7,104 min
441,Space Jam,-1996,6.5,88 min
442,Maleficent: Mistress of Evil,-2019,6.6,119 min
443,Bill & Ted Face the Music,-2020,5.9,91 min
444,Jumper,-2008,6.1,88 min
445,Ralph Breaks the Internet,-2018,7,112 min
446,The Last Witch Hunter,-2015,5.9,106 min
447,The Jungle Book,-2016,7.4,106 min
448,Papillon,(I) (2017),7.2,133 min
449,The Divergent Series: Insurgent,-2015,6.2,119 min
450,The Mummy,-2017,5.4,110 min
451,Clash of the Titans,-2010,5.8,106 min
452,Miss Peregrine's Home for Peculiar Children,-2016,6.7,127 min
453,The Legend of Tarzan,-2016,6.2,110 min
454,The Darjeeling Limited,-2007,7.2,91 min
455,News of the World,-2020,6.8,118 min
456,Mission: Impossible III,-2006,6.9,126 min
457,Excalibur,-1981,7.3,140 min
458,Shrek Forever After,-2010,6.3,93 min
459,Mary Poppins Returns,-2018,6.7,130 min
460,The Covenant,-2006,5.2,97 min
461,Snow White and the Huntsman,-2012,6.1,127 min
462,The Man in the Iron Mask,(I) (1998),6.5,132 min
463,Wild,(I) (2014),7.1,115 min
464,Dante's Peak,-1997,6,108 min
465,Robin Hood: Prince of Thieves,-1991,6.9,143 min
466,North by Northwest,-1959,8.3,136 min
467,Terminator Genisys,-2015,6.3,126 min
468,Anastasia,-1997,7.1,94 min
469,Power Rangers,-2017,5.9,124 min
470,Cars 3,-2017,6.7,102 min
471,The Green Inferno,-2013,5.3,100 min
472,Cars 2,-2011,6.2,106 min
473,Hanna,-2011,6.8,111 min
474,The Fox and the Hound,-1981,7.3,83 min
475,Cloudy with a Chance of Meatballs,-2009,7,90 min
476,Crocodile Dundee,-1986,6.6,97 min
477,Tarzan,-1999,7.3,88 min
478,The Road Warrior,-1981,7.6,96 min
479,The Nightingale,(I) (2018),7.3,136 min
480,Barbarella,-1968,5.9,98 min
481,The Last Airbender,-2010,4,103 min
482,A Series of Unfortunate Events,-2004,6.8,108 min
483,Gnomeo & Juliet,-2011,5.9,84 min
484,Monsters University,-2013,7.3,104 min
485,Stowaway,-2021,5.6,116 min
486,The Mortal Instruments: City of Bones,-2013,5.9,130 min
487,The Ten Commandments,-1956,7.9,220 min
488,Die Another Day,-2002,6.1,133 min
489,Fantastic Four,(I) (2005),5.7,106 min
490,Cold Mountain,-2003,7.2,154 min
491,The Time Machine,-2002,6,96 min
492,National Treasure: Book of Secrets,-2007,6.5,124 min
493,The Prince of Egypt,-1998,7.1,99 min
494,Austin Powers in Goldmember,-2002,6.2,94 min
495,Ice Age: Collision Course,-2016,5.7,94 min
496,Exodus: Gods and Kings,-2014,6,150 min
497,Barry Lyndon,-1975,8.1,185 min
498,Romancing the Stone,-1984,6.9,106 min
499,Waterworld,-1995,6.2,177 min
500,Flash Gordon,-1980,6.5,111 min
501,The Great Escape,-1963,8.2,172 min
502,The Huntsman: Winter's War,-2016,6.1,114 min
503,George of the Jungle,-1997,5.5,92 min
504,Robots,-2005,6.4,91 min
505,Star Trek: First Contact,-1996,7.6,111 min
506,Resident Evil: The Final Chapter,-2016,5.5,107 min
507,Men in Black II,-2002,6.1,88 min
508,Maze Runner: The Death Cure,-2018,6.2,143 min
509,Zoolander 2,-2016,4.7,101 min
510,Interstate 60: Episodes of the Road,-2002,7.6,116 min
511,Predators,-2010,6.4,107 min
512,Ferdinand,-2017,6.7,108 min
513,Dr. No,-1962,7.2,110 min
514,Pok?mon Detective Pikachu,-2019,6.6,104 min
515,Treasure Planet,-2002,7.2,95 min
516,Percy Jackson: Sea of Monsters,-2013,5.8,106 min
517,Mission: Impossible II,-2000,6.1,123 min
518,Pocahontas,(I) (1995),6.7,81 min
519,Despicable Me 3,-2017,6.3,89 min
520,Alvin and the Chipmunks,-2007,5.2,92 min
521,Conan the Barbarian,-2011,5.1,113 min
522,Anaconda,-1997,4.8,89 min
523,Paddington 2,-2017,7.8,103 min
524,Toy Story 2,-1999,7.9,92 min
525,Night at the Museum: Battle of the Smithsonian,-2009,6,105 min
526,The Jungle Book,-1967,7.6,78 min
527,How to Train Your Dragon: The Hidden World,-2019,7.4,104 min
528,Finding Dory,-2016,7.3,97 min
529,Last Action Hero,-1993,6.4,130 min
530,Trolls,-2016,6.5,92 min
531,Dogma,-1999,7.3,130 min
532,The Magnificent Seven,-1960,7.7,128 min
533,Wyatt Earp,-1994,6.7,191 min
534,Rango,-2011,7.2,107 min
535,The Great Wall,(I) (2016),5.9,103 min
536,Popeye,-1980,5.3,114 min
537,The Dark Tower,-2017,5.6,95 min
538,The Good Dinosaur,-2015,6.7,93 min
539,Weekend at Bernie's,-1989,6.4,97 min
540,The Croods,-2013,7.2,98 min
541,The Midnight Sky,-2020,5.6,118 min
542,Goldfinger,-1964,7.7,110 min
543,The Abyss,-1989,7.5,140 min
544,Sahara,-2005,6,124 min
545,Scary Stories to Tell in the Dark,-2019,6.2,108 min
546,G.I. Joe: Retaliation,-2013,5.8,110 min
547,Sherlock Holmes: A Game of Shadows,-2011,7.4,129 min
548,Bloodshot,-2020,5.7,109 min
549,The Chronicles of Narnia: Prince Caspian,-2008,6.5,150 min
550,The Fall,-2006,7.8,117 min
551,The Holy Mountain,-1973,7.8,114 min
552,Lara Croft: Tomb Raider,-2001,5.7,100 min
553,Rambo: First Blood Part II,-1985,6.5,96 min
554,Star Trek II: The Wrath of Khan,-1982,7.7,113 min
555,The Cat in the Hat,-2003,4.1,82 min
556,The Happening,-2008,5,91 min
557,The Book of Life,-2014,7.2,95 min
558,Rio,-2011,6.9,96 min
559,Masters of the Universe,-1987,5.3,106 min
560,Happy Feet,-2006,6.4,108 min
561,Chitty Chitty Bang Bang,-1968,6.9,144 min
562,Robin Hood,-1973,7.5,83 min
563,Spartacus,-1960,7.9,197 min
564,Free Willy,-1993,6,112 min
565,R.I.P.D.,-2013,5.6,96 min
566,Assassin's Creed,-2016,5.7,115 min
567,Dora and the Lost City of Gold,-2019,6.1,102 min
568,End of Watch,-2012,7.6,109 min
569,Dope,-2015,7.2,103 min
570,Snow White and the Seven Dwarfs,-1937,7.6,83 min
571,The Adventures of Buckaroo Banzai Across the 8th Dimension,-1984,6.3,103 min
572,The Expendables 2,-2012,6.6,103 min
573,Elektra,-2005,4.7,97 min
574,Charlie's Angels: Full Throttle,-2003,4.9,106 min
575,The Interview,(II) (2014),6.5,112 min
576,xXx: Return of Xander Cage,-2017,5.2,107 min
577,Logan's Run,-1976,6.8,119 min
578,Now You See Me 2,-2016,6.4,129 min
579,Hercules,(I) (2014),6,98 min
580,Executive Decision,-1996,6.5,133 min
581,The Chronicles of Riddick,-2004,6.6,119 min
582,Point Break,-2015,5.3,114 min
583,From Russia with Love,-1963,7.4,115 min
584,Bill & Ted's Excellent Adventure,-1989,6.9,90 min
585,Monsters vs. Aliens,-2009,6.5,94 min
586,Thunder Force,-2021,4.4,106 min
587,The Perfect Storm,-2000,6.4,130 min
588,The Gods Must Be Crazy,-1980,7.3,109 min
589,Cheaper by the Dozen 2,-2005,5.5,94 min
590,The Rocketeer,-1991,6.5,108 min
591,Seven Years in Tibet,-1997,7.1,136 min
592,Kelly's Heroes,-1970,7.6,144 min
593,Journey to the Center of the Earth,-2008,5.8,93 min
594,The Treasure of the Sierra Madre,-1948,8.2,126 min
595,"Crouching Tiger, Hidden Dragon",-2000,7.9,120 min
596,Artemis Fowl,-2020,4.2,95 min
597,Mortal Engines,-2018,6.1,128 min
598,Mighty Morphin Power Rangers: The Movie,-1995,5.2,95 min
599,Escape from New York,-1981,7.1,99 min
600,The Way Back,(I) (2010),7.3,133 min
601,Star Trek: Nemesis,-2002,6.4,116 min
602,Minnal Murali,-2021,8.2,158 min
603,Bee Movie,-2007,6.1,91 min
604,Spy Kids,-2001,5.6,88 min
605,Resident Evil: Retribution,-2012,5.3,95 min
606,The Postman,-1997,6.1,177 min
607,The AristoCats,-1970,7.1,78 min
608,The Wild Bunch,-1969,7.9,135 min
609,Adrift,(I) (2018),6.6,96 min
610,Cool Runnings,-1993,7,98 min
611,Maverick,-1994,7,127 min
612,The Adventures of Tintin,-2011,7.3,107 min
613,Jungle,(I) (2017),6.7,115 min
614,Over the Hedge,-2006,6.7,83 min
615,The Host,-2013,5.8,125 min
616,Home,(II) (2015),6.6,94 min
617,The Poseidon Adventure,-1972,7.1,117 min
618,Blood Red Sky,-2021,6.1,121 min
619,Scooby-Doo 2: Monsters Unleashed,-2004,5.1,93 min
620,Alice Through the Looking Glass,-2016,6.2,113 min
621,Arctic,-2018,6.8,98 min
622,Deep Blue Sea,-1999,5.9,105 min
623,The World Is Not Enough,-1999,6.4,128 min
624,Maze Runner: The Scorch Trials,-2015,6.3,131 min
625,The Three Musketeers,-1993,6.4,105 min
626,Flight of the Navigator,-1986,6.9,90 min
627,The Scorpion King,-2002,5.5,92 min
628,The Spy Who Dumped Me,-2018,6,117 min
629,The Secret Life of Pets,-2016,6.5,87 min
630,Kung Fu Panda 3,-2016,7.1,95 min
631,Small Soldiers,-1998,6.2,110 min
632,Resident Evil: Extinction,-2007,6.2,94 min
633,Wild Hogs,-2007,5.9,100 min
634,Howard the Duck,-1986,4.7,110 min
635,The Bridge on the River Kwai,-1957,8.2,161 min
636,Bolt,-2008,6.9,96 min
637,Easy Rider,-1969,7.3,95 min
638,Ice Age: Continental Drift,-2012,6.5,88 min
639,Return to Oz,-1985,6.8,113 min
640,Time Trap,-2017,6.3,87 min
641,Cliffhanger,-1993,6.5,113 min
642,The Witches,-1990,6.8,91 min
643,The 13th Warrior,-1999,6.6,102 min
644,A Wrinkle in Time,-2018,4.2,109 min
645,101 Dalmatians,-1996,5.7,103 min
646,Hellboy II: The Golden Army,-2008,7,120 min
647,The Boss Baby,-2017,6.3,97 min
648,Homeward Bound: The Incredible Journey,-1993,6.9,84 min
649,The Sorcerer's Apprentice,-2010,6.1,109 min
650,Get Smart,-2008,6.5,110 min
651,American Honey,-2016,7,163 min
652,Alpha,(II) (2018),6.7,96 min
653,Clash of the Titans,-1981,6.9,118 min
654,Lord of the Flies,-1990,6.4,90 min
655,How to Train Your Dragon 2,-2014,7.8,102 min
656,Jack the Giant Slayer,-2013,6.3,114 min
657,Back to the Future Part III,-1990,7.5,118 min
658,Seventh Son,(I) (2014),5.5,102 min
659,The Iron Giant,-1999,8.1,86 min
660,The 5th Wave,-2016,5.2,112 min
661,A Goofy Movie,-1995,6.9,78 min
662,Diamonds Are Forever,-1971,6.6,120 min
663,Hotel Transylvania 3: Summer Vacation,-2018,6.3,97 min
664,Peter Pan,-1953,7.3,77 min
665,The Searchers,-1956,7.9,119 min
666,Zathura: A Space Adventure,-2005,6.2,101 min
667,Peter Rabbit,-2018,6.6,95 min
668,Poseidon,-2006,5.7,98 min
669,Elf,-2003,7,97 min
670,Mortal Kombat,-1995,5.8,101 min
671,The Golden Compass,-2007,6.1,113 min
672,Tommy Boy,-1995,7.1,97 min
673,The BFG,-2016,6.4,117 min
674,Kung Fu Panda 2,-2011,7.2,90 min
675,The League of Extraordinary Gentlemen,-2003,5.8,110 min
676,Alien vs. Predator,-2004,5.6,101 min
677,The Chronicles of Narnia: The Voyage of the Dawn Treader,-2010,6.3,113 min
678,Beowulf,-2007,6.3,115 min
679,9,(I) (2009),7,79 min
680,Rat Race,-2001,6.4,112 min
681,Alice in Wonderland,-1951,7.4,75 min
682,Mowgli: Legend of the Jungle,-2018,6.5,104 min
683,Tomorrow Never Dies,-1997,6.5,119 min
684,Dinosaur,-2000,6.4,82 min
685,Togo,-2019,8,113 min
686,The Ridiculous 6,-2015,4.8,119 min
687,Outlander,-2008,6.2,115 min
688,Six Days Seven Nights,-1998,5.8,102 min
689,War Horse,-2011,7.2,146 min
690,Rambo,-2008,7,92 min
691,Eragon,-2006,5.1,104 min
692,Alvin and the Chipmunks: The Squeakquel,-2009,4.5,88 min
693,Resident Evil: Afterlife,-2010,5.8,96 min
694,One Hundred and One Dalmatians,-1961,7.3,79 min
695,TRON,-1982,6.8,96 min
696,Rambo III,-1988,5.8,102 min
697,Dumbo,-2019,6.3,112 min
698,The Losers,(I) (2010),6.3,97 min
699,Time Bandits,-1981,6.9,110 min
700,Live and Let Die,-1973,6.7,121 min
701,Pan,-2015,5.7,111 min
702,Snatched,-2017,4.6,90 min
703,Hardcore Henry,-2015,6.7,96 min
704,Ponyo,-2008,7.6,101 min
705,Harold & Kumar Go to White Castle,-2004,7.1,88 min
706,Battle Royale,-2000,7.6,114 min
707,Skyscraper,-2018,5.8,102 min
708,The Last Starfighter,-1984,6.7,101 min
709,Superman II,-1980,6.8,127 min
710,After Earth,-2013,4.8,100 min
711,Rise of the Guardians,-2012,7.3,97 min
712,The Grey,-2011,6.8,117 min
713,For Your Eyes Only,-1981,6.7,127 min
714,Shark Tale,-2004,6,90 min
715,Nerve,(I) (2016),6.5,96 min
716,The Lorax,-2012,6.4,86 min
717,Meet the Robinsons,-2007,6.8,95 min
718,47 Meters Down: Uncaged,-2019,5,90 min
719,Chicken Run,-2000,7.1,84 min
720,The Adventures of Sharkboy and Lavagirl 3-D,-2005,3.7,93 min
721,Dragonball Evolution,-2009,2.6,85 min
722,Aliens vs. Predator: Requiem,-2007,4.6,94 min
723,On Her Majesty's Secret Service,-1969,6.8,142 min
724,A View to a Kill,-1985,6.3,131 min
725,Snakes on a Plane,-2006,5.5,105 min
726,Priest,-2011,5.7,87 min
727,The Missing,(I) (2003),6.5,137 min
728,The Brothers Grimsby,-2016,6.2,83 min
729,The SpongeBob SquarePants Movie,-2004,7.1,87 min
730,Letters to Juliet,-2010,6.5,105 min
731,Australia,-2008,6.6,165 min
732,Sleeping Beauty,-1959,7.3,75 min
733,Crawl,(I) (2019),6.1,87 min
734,Heavy Metal,-1981,6.6,86 min
735,Stuart Little,-1999,6,84 min
736,Krull,-1983,6.1,121 min
737,Teenage Mutant Ninja Turtles II: The Secret of the Ooze,-1991,6,88 min
738,The Promise,(II) (2016),6,133 min
739,Licence to Kill,-1989,6.7,133 min
740,Prospect,-2018,6.3,100 min
741,Conan the Destroyer,-1984,5.9,103 min
742,Speed Racer,-2008,6.1,135 min
743,xXx,-2002,5.8,124 min
744,The Guns of Navarone,-1961,7.5,158 min
745,True Grit,-1969,7.4,128 min
746,Miami Vice,-2006,6,132 min
747,The Right Stuff,-1983,7.8,193 min
748,The Time Machine,-1960,7.5,103 min
749,Home Alone 2: Lost in New York,-1992,6.8,120 min
750,The Legend of Zorro,-2005,5.9,129 min
751,Three Kings,-1999,7.1,114 min
752,Pinocchio,-1940,7.5,88 min
753,The Do-Over,-2016,5.7,108 min
754,A Dog's Purpose,-2017,7.2,100 min
755,Horton Hears a Who!,-2008,6.8,86 min
756,The Lone Ranger,-2013,6.4,150 min
757,Epic Movie,-2007,2.4,86 min
758,Star Trek: The Motion Picture,-1979,6.4,132 min
759,The Land Before Time,-1988,7.4,69 min
760,Never Say Never Again,-1983,6.1,134 min
761,The Edge,-1997,6.9,117 min
762,Superman III,-1983,5,125 min
763,Agora,-2009,7.2,127 min
764,The Road to El Dorado,-2000,6.9,89 min
765,Seeking a Friend for the End of the World,-2012,6.7,101 min
766,Vertical Limit,-2000,5.9,124 min
767,The Living Daylights,-1987,6.7,130 min
768,Noah,-2014,5.8,138 min
769,Pee-wee's Big Adventure,-1985,7,91 min
770,Goosebumps,-2015,6.3,103 min
771,Ladyhawke,-1985,6.9,121 min
772,Flushed Away,-2006,6.6,85 min
773,Leave No Trace,-2018,7.2,109 min
774,RED 2,-2013,6.6,116 min
775,Madagascar: Escape 2 Africa,-2008,6.7,89 min
776,Spies Like Us,-1985,6.4,102 min
777,Where Eagles Dare,-1968,7.6,158 min
778,Spies in Disguise,-2019,6.8,102 min
779,Klaus,-2019,8.2,96 min
780,The Mission,-1986,7.4,125 min
781,Frozen,(I) (2010),6.2,93 min
782,Thunderball,-1965,6.9,130 min
783,Letters from Iwo Jima,-2006,7.9,141 min
784,The Witcher: Nightmare of the Wolf,-2021,7.3,83 min
785,The Secret World of Arrietty,-2010,7.6,94 min
786,Into the Blue,-2005,5.9,110 min
787,Hero,-2002,7.9,120 min
788,Wolfwalkers,-2020,8,103 min
789,The Spy Who Loved Me,-1977,7.1,125 min
790,Madagascar 3: Europe's Most Wanted,-2012,6.8,93 min
791,Monte Carlo,-2011,5.8,109 min
792,Outside the Wire,-2021,5.4,114 min
793,Puss in Boots,-2011,6.6,90 min
794,Jason and the Argonauts,-1963,7.3,104 min
795,47 Meters Down,-2017,5.6,89 min
796,King Kong,-1976,5.9,134 min
797,Inkheart,-2008,6.1,106 min
798,On the Road,-2012,6,124 min
799,Mad Max Beyond Thunderdome,-1985,6.2,107 min
800,The Guardian,(I) (2006),6.9,139 min
801,Timeline,-2003,5.6,116 min
802,Oliver & Company,-1988,6.7,74 min
803,The Aeronauts,-2019,6.6,100 min
804,Nausica? of the Valley of the Wind,-1984,8,117 min
805,The Bucket List,-2007,7.4,97 min
806,The Rundown,-2003,6.6,104 min
807,Star Trek VI: The Undiscovered Country,-1991,7.3,110 min
808,Ice Age: Dawn of the Dinosaurs,-2009,6.9,94 min
809,The Emoji Movie,-2017,3.3,86 min
810,Pompeii,(I) (2014),5.5,105 min
811,Hotel Transylvania 2,-2015,6.7,89 min
812,Red Sonja,-1985,5.1,89 min
813,Brother Bear,-2003,6.8,85 min
814,"10,000 BC",-2008,5.1,109 min
815,You Only Live Twice,-1967,6.8,117 min
816,Deep Rising,-1998,6.1,106 min
817,2010: The Year We Make Contact,-1984,6.8,116 min
818,Paper Towns,-2015,6.3,109 min
819,Da 5 Bloods,-2020,6.5,154 min
820,Moonraker,-1979,6.3,126 min
821,The Spiderwick Chronicles,-2008,6.5,96 min
822,Bedknobs and Broomsticks,-1971,7.1,117 min
823,Bedtime Stories,-2008,6,99 min
824,King Kong,-1933,7.9,100 min
825,The Pink Panther,-2006,5.6,93 min
826,The Simpsons Movie,-2007,7.3,87 min
827,Around the World in 80 Days,-2004,5.8,120 min
828,Your Highness,-2011,5.5,102 min
829,The Mountain Between Us,-2017,6.4,112 min
830,Fantastic Four: Rise of the Silver Surfer,-2007,5.6,92 min
831,Osmosis Jones,-2001,6.3,95 min
832,Star Trek: Generations,-1994,6.6,118 min
833,National Lampoon's European Vacation,-1985,6.2,95 min
834,Mirror Mirror,(I) (2012),5.6,106 min
835,Castle in the Sky,-1986,8,125 min
836,The Core,-2003,5.5,135 min
837,Monsters,-2010,6.4,94 min
838,Angry Birds,-2016,6.3,97 min
839,Wrath of the Titans,-2012,5.7,99 min
840,Eight Legged Freaks,-2002,5.5,99 min
841,Christopher Robin,-2018,7.2,104 min
842,Girls Trip,-2017,6.2,122 min
843,The Angry Birds Movie 2,-2019,6.4,97 min
844,Baby's Day Out,-1994,6.2,99 min
845,FernGully: The Last Rainforest,-1992,6.5,76 min
846,The African Queen,-1951,7.7,105 min
847,Spirit: Stallion of the Cimarron,-2002,7.2,83 min
848,Penguins of Madagascar,-2014,6.7,92 min
849,Forbidden Planet,-1956,7.5,98 min
850,Escape from L.A.,-1996,5.7,101 min
851,Ben-Hur,-2016,5.7,123 min
852,Johnny English,-2003,6.2,87 min
853,Stagecoach,-1939,7.8,96 min
854,James and the Giant Peach,-1996,6.7,79 min
855,Octopussy,-1983,6.5,131 min
856,The Rescuers Down Under,-1990,6.8,77 min
857,Legend of the Guardians: The Owls of Ga'Hoole,-2010,6.9,97 min
858,Spectral,-2016,6.3,107 min
859,Rio 2,-2014,6.3,101 min
860,Epic,-2013,6.6,102 min
861,City of Ember,-2008,6.4,90 min
862,The Saint,-1997,6.2,116 min
863,Without a Paddle,-2004,5.8,95 min
864,Big Fat Liar,-2002,5.5,88 min
865,Iron Sky,-2012,5.9,93 min
866,The Cave,-2005,5.1,97 min
867,Congo,-1995,5.2,109 min
868,Meet Dave,-2008,5,90 min
869,Race to Witch Mountain,-2009,5.7,98 min
870,The Smurfs,-2011,5.4,103 min
871,First Knight,-1995,6,134 min
872,The Rescuers,-1977,6.9,78 min
873,The Man with the Golden Gun,-1974,6.7,125 min
874,The Lizzie McGuire Movie,-2003,5.5,94 min
875,Ice Age: The Meltdown,-2006,6.8,91 min
876,Surf's Up,-2007,6.7,85 min
877,Innerspace,-1987,6.8,120 min
878,RV,-2006,5.6,99 min
879,DOA: Dead or Alive,-2006,4.8,87 min
880,The Adventures of Baron Munchausen,-1988,7.1,126 min
881,Charlotte's Web,-2006,6.3,97 min
882,Firefox,-1982,5.9,136 min
883,Under Siege 2: Dark Territory,-1995,5.5,100 min
884,The Bounty,-1984,7,132 min
885,Lady and the Tramp,-1955,7.3,76 min
886,The Black Cauldron,-1985,6.4,80 min
887,Superman IV: The Quest for Peace,-1987,3.7,90 min
888,Garfield,-2004,5,80 min
889,The Darkest Minds,-2018,5.7,104 min
890,Max Payne,-2008,5.3,100 min
891,The Muppets,-2011,7.1,103 min
892,Star Wars: The Clone Wars,-2008,5.9,98 min
893,?on Flux,-2005,5.4,93 min
894,Gulliver's Travels,-2010,4.9,85 min
895,Spy Kids 3: Game Over,-2003,4.3,84 min
896,Star Trek: Insurrection,-1998,6.4,103 min
897,The Secret of NIMH,-1982,7.6,82 min
898,The Walk,(II) (2015),7.3,123 min
899,The Polar Express,-2004,6.6,100 min
900,Hannibal Rising,-2007,6.1,121 min
901,Star Trek IV: The Voyage Home,-1986,7.3,119 min
902,Brotherhood of the Wolf,-2001,7,142 min
903,Speed 2: Cruise Control,-1997,3.9,121 min
904,Far and Away,-1992,6.6,140 min
905,Antz,-1998,6.6,83 min
906,Broken Arrow,-1996,6.1,108 min
907,Runaway Train,-1985,7.2,111 min
908,Chicken Little,-2005,5.7,81 min
909,Hudson Hawk,-1991,5.7,100 min
910,Casanova,-2005,6.5,112 min
911,Rescue Dawn,-2006,7.3,120 min
912,The Girl with All the Gifts,-2016,6.6,111 min
913,Enemy Mine,-1985,6.8,108 min
914,Dead Man,-1995,7.5,121 min
915,The Dark Crystal,-1982,7.1,93 min
916,Attack the Block,-2011,6.7,88 min
917,Cloudy with a Chance of Meatballs 2,-2013,6.4,95 min
918,The Lord of the Rings,-1978,6.2,132 min
919,The Pirates! Band of Misfits,-2012,6.7,88 min
920,Asterix & Obelix: Mission Cleopatra,-2002,6.6,107 min
921,Battlefield Earth,-2000,2.5,118 min
922,The Secret Life of Pets 2,-2019,6.5,86 min
923,A Monster Calls,-2016,7.5,108 min
924,Little Big Man,-1970,7.6,139 min
925,Valhalla Rising,-2009,6,93 min
926,Mechanic: Resurrection,-2016,5.7,98 min
927,The Phantom,-1996,5,100 min
928,Abominable,-2019,7,97 min
929,Crocodile Dundee II,-1988,5.7,108 min
930,All Dogs Go to Heaven,-1989,6.7,84 min
931,Stealth,-2005,5,121 min
932,This Must Be the Place,-2011,6.7,118 min
933,The Cat Returns,-2002,7.2,75 min
934,In the Name of the King: A Dungeon Siege Tale,-2007,3.8,127 min
935,TMNT,-2007,6.2,103 min
936,"20,000 Leagues Under the Sea",-1954,7.2,127 min
937,The Kings of Summer,-2013,7.1,95 min
938,Jeremiah Johnson,-1972,7.6,108 min
939,Extremely Loud & Incredibly Close,-2011,6.9,129 min
940,Hoodwinked!,-2005,6.5,80 min
941,Ace Ventura: When Nature Calls,-1995,6.4,90 min
942,Shanghai Noon,-2000,6.6,110 min
943,Land of the Lost,-2009,5.3,102 min
944,Watership Down,-1978,7.6,91 min
945,Looney Tunes: Back in Action,-2003,5.8,91 min
946,Turbo,-2013,6.4,96 min
947,The Golden Child,-1986,5.9,94 min
948,Tenacious D in the Pick of Destiny,-2006,6.8,94 min
949,To Have and Have Not,-1944,7.8,100 min
950,Kubo and the Two Strings,-2016,7.8,101 min
951,Major Payne,-1995,6.2,95 min
952,Alvin and the Chipmunks: Chipwrecked,-2011,4.3,87 min
953,DragonHeart,-1996,6.4,103 min
954,An American Tail,-1986,6.9,80 min
955,The Nutcracker and the Four Realms,-2018,5.5,99 min
956,"Honey, I Blew Up the Kid",-1992,4.8,89 min
957,The Sword in the Stone,-1963,7.2,79 min
958,The Mexican,-2001,6.1,123 min
959,Fly Away Home,-1996,6.9,107 min
960,The Ghost and the Darkness,-1996,6.8,110 min
961,Space Cowboys,-2000,6.5,130 min
962,Europa Report,-2013,6.4,90 min
963,Planes,-2013,5.7,91 min
964,Spy Kids 2: Island of Lost Dreams,-2002,5.2,100 min
965,Lara Croft Tomb Raider: The Cradle of Life,-2003,5.5,117 min
966,Flags of Our Fathers,-2006,7.1,135 min
967,Bubble Boy,-2001,5.7,84 min
968,Titan A.E.,-2000,6.6,94 min
969,The Big Blue,-1988,7.5,168 min
970,Daylight,-1996,5.9,114 min
971,Nebraska,-2013,7.7,115 min
972,How I Live Now,-2013,6.4,101 min
973,Cell,(I) (2016),4.4,98 min
974,Jaws 2,-1978,5.8,116 min
975,Wallace & Gromit: The Curse of the Were-Rabbit,-2005,7.5,85 min
976,The Avengers,-1998,3.8,89 min
977,Star Trek III: The Search for Spock,-1984,6.6,105 min
978,Slow West,-2015,6.9,84 min
979,The Darkest Hour,-2011,4.9,89 min
980,Porco Rosso,-1992,7.7,94 min
981,The Lego Ninjago Movie,-2017,6,101 min
982,The Jewel of the Nile,-1985,6.1,106 min
983,The Way of the Dragon,-1972,7.2,90 min
984,Bambi,-1942,7.3,70 min
985,The Forbidden Kingdom,-2008,6.6,104 min
986,The Mosquito Coast,-1986,6.6,117 min
987,Act of Valor,-2012,6.5,110 min
988,The Legend of Hercules,-2014,4.2,99 min
989,The Great Mouse Detective,-1986,7.2,74 min
990,Johnny English Strikes Again,-2018,6.2,89 min
991,Carriers,-2009,6,84 min
992,Eight Below,-2006,7.3,120 min
993,Bean,-1997,6.5,89 min
994,The Grinch,-2018,6.3,85 min
995,Hidalgo,-2004,6.7,136 min
996,Ravenous,-1999,6.9,101 min
997,Johnny English Reborn,-2011,6.3,101 min
998,The SpongeBob Movie: Sponge Out of Water,-2015,6,92 min
999,Gone,(I) (2012),5.9,94 min
1000,Dragon Ball Super: Broly,-2018,7.8,100 min
1001,Balto,-1995,7.1,78 min
1002,Pete's Dragon,-2016,6.7,102 min
1003,Inspector Gadget,-1999,4.1,78 min
1004,Barnyard,-2006,5.6,90 min
1005,Solomon Kane,-2009,6.1,104 min
1006,Sinbad: Legend of the Seven Seas,-2003,6.7,86 min
1007,Sky Captain and the World of Tomorrow,-2004,6.1,106 min
1008,Song of the Sea,-2014,8.1,93 min
1009,The Descent: Part 2,-2009,5.7,94 min
1010,Dumbo,-1941,7.3,64 min
1011,IO,-2019,4.7,96 min
1012,Rurouni Kenshin Part I: Origins,-2012,7.4,134 min
1013,Captain Underpants: The First Epic Movie,-2017,6.2,89 min
1014,Rob Roy,-1995,6.9,139 min
1015,Mr. Peabody & Sherman,-2014,6.8,92 min
1016,Who Am I?,-1998,6.8,108 min
1017,Dersu Uzala,-1975,8.3,142 min
1018,Mortdecai,-2015,5.5,107 min
1019,Teenage Mutant Ninja Turtles III,-1993,4.8,96 min
1020,Mortal Kombat: Annihilation,-1997,3.6,95 min
1021,Into the Storm,-2014,5.8,89 min
1022,Bacurau,-2019,7.3,131 min
1023,Reindeer Games,-2000,5.8,104 min
1024,Muppets Most Wanted,-2014,6.4,107 min
1025,The River Wild,-1994,6.4,111 min
1026,Fanboys,-2009,6.5,90 min
1027,Jingle All the Way,-1996,5.7,89 min
1028,Kon-Tiki,-2012,7.2,118 min
1029,Hit and Run,(I) (2012),6.1,100 min
1030,Flight of the Phoenix,-2004,6.1,113 min
1031,Agent Cody Banks,-2003,5.1,102 min
1032,Cutthroat Island,-1995,5.7,124 min
1033,Fitzcarraldo,-1982,8,158 min
1034,Storks,-2016,6.8,87 min
1035,The Last Unicorn,-1982,7.4,92 min
1036,Hop,-2011,5.4,95 min
1037,Bill & Ted's Bogus Journey,-1991,6.3,93 min
1038,Herbie Fully Loaded,-2005,4.9,101 min
1039,The Muppet Movie,-1979,7.6,95 min
1040,The Transformers: The Movie,-1986,7.2,84 min
1041,The Four Feathers,-2002,6.5,132 min
1042,Star Trek V: The Final Frontier,-1989,5.5,107 min
1043,ParaNorman,-2012,7,92 min
1044,Open Season,-2006,6.1,86 min
1045,The Many Adventures of Winnie the Pooh,-1977,7.5,74 min
1046,The Last Legion,-2007,5.4,101 min
1047,Jaws 3-D,-1983,3.7,99 min
1048,Tales from Earthsea,-2006,6.4,115 min
1049,Dungeons & Dragons,-2000,3.6,107 min
1050,Season of the Witch,-2011,5.4,95 min
1051,"Aguirre, the Wrath of God",-1972,7.9,95 min
1052,House of Flying Daggers,-2004,7.5,119 min
1053,The Eagle,-2011,6.2,114 min
1054,The Man Who Would Be King,-1975,7.8,129 min
1055,Beasts of the Southern Wild,-2012,7.2,93 min
1056,Mighty Joe Young,-1998,5.7,114 min
1057,Mission to Mars,-2000,5.6,114 min
1058,Hector and the Search for Happiness,-2014,6.9,114 min
1059,Jaws: The Revenge,-1987,3,89 min
1060,The Motorcycle Diaries,-2004,7.8,126 min
1061,A Walk in the Woods,-2015,6.3,104 min
1062,Pathfinder,-2007,5.4,99 min
1063,Harold & Kumar Escape from Guantanamo Bay,-2008,6.6,114 min
1064,Jimmy Neutron: Boy Genius,-2001,6,82 min
1065,All Is Lost,-2013,6.9,106 min
1066,Anacondas: The Hunt for the Blood Orchid,-2004,4.7,97 min
1067,The Wandering Earth,-2019,5.9,125 min
1068,The Hunter,(IV) (2011),6.7,100 min
1069,The Peanuts Movie,-2015,7,88 min
1070,1492: Conquest of Paradise,-1992,6.4,154 min
1071,The NeverEnding Story II: The Next Chapter,-1990,5,89 min
1072,Arthur and the Invisibles,-2006,6,94 min
1073,Red Cliff,-2008,7.3,148 min
1074,Beneath the Planet of the Apes,-1970,6,95 min
1075,Cats & Dogs,-2001,5.1,87 min
1076,Nim's Island,-2008,6,96 min
1077,The Little Prince,-2015,7.7,108 min
1078,Planet 51,-2009,6,91 min
1079,The Wages of Fear,-1953,8.2,131 min
1080,Max,(I) (2015),6.7,111 min
1081,Are We There Yet?,-2005,4.7,95 min
1082,Happy Feet Two,-2011,5.9,100 min
1083,Smallfoot,-2018,6.6,96 min
1084,The Smurfs 2,-2013,5.3,105 min
1085,Astro Boy,-2009,6.3,94 min
1086,Open Water,-2003,5.8,79 min
1087,The Messenger: The Story of Joan of Arc,-1999,6.4,148 min
1088,G-Force,-2009,5.1,88 min
1089,13 Assassins,-2010,7.5,141 min
1090,Highlander II: The Quickening,-1991,4.2,91 min
1091,The Brave Little Toaster,-1987,7.3,90 min
1092,Away We Go,-2009,7,98 min
1093,Ninja Scroll,-1993,7.8,94 min
1094,Friday the 13th Part VIII: Jason Takes Manhattan,-1989,4.5,100 min
1095,Kangaroo Jack,-2003,4.5,89 min
1096,The Physician,-2013,7.2,155 min
1097,Asterix and Obelix vs. Caesar,-1999,5.9,109 min
1098,Sanctum,-2011,5.9,108 min
1099,Final Fantasy: The Spirits Within,-2001,6.4,106 min
1100,House of the Dead,-2003,2.1,90 min
1101,The Brothers Bloom,-2008,6.7,114 min
1102,I Spy,-2002,5.4,97 min
1103,The Shadow,-1994,6,108 min
1104,xXx: State of the Union,-2005,4.4,101 min
1105,The Secret of Kells,-2009,7.6,75 min
1106,The Gold Rush,-1925,8.2,95 min
1107,The General,-1926,8.2,67 min
1108,A Christmas Carol,-2009,6.8,96 min
1109,Toys,-1992,5.1,118 min
1110,102 Dalmatians,-2000,4.8,100 min
1111,Lupin III: The Castle of Cagliostro,-1979,7.6,102 min
1112,Nothing to Lose,-1997,6.7,98 min
1113,The Water Horse,-2007,6.5,112 min
1114,Dead End,(I) (2003),6.5,85 min
1115,Yellow Submarine,-1968,7.4,85 min
1116,Gallipoli,-1981,7.4,110 min
1117,The Santa Clause 3: The Escape Clause,-2006,4.8,92 min
1118,Snow Dogs,-2002,5.2,99 min
1119,The Wild,-2006,5.2,82 min
1120,Big Game,-2014,5.4,110 min
1121,An American Tail: Fievel Goes West,-1991,6.5,75 min
1122,Tracks,(I) (2013),7.1,112 min
1123,Everybody's Fine,-2009,7.1,99 min
1124,Missing Link,-2019,6.7,93 min
1125,Shanghai Knights,-2003,6.2,114 min
1126,Garfield: A Tail of Two Kitties,-2006,5,82 min
1127,Turbo Kid,-2015,6.7,93 min
1128,Pok?mon: The First Movie - Mewtwo Strikes Back,-1998,6.2,96 min
1129,Sightseers,-2012,6.5,88 min
1130,The Pink Panther 2,-2009,5.6,92 min
1131,Babylon A.D.,-2008,5.5,90 min
1132,Beavis and Butt-Head Do America,-1996,6.8,81 min
1133,"Tomorrow, When the War Began",-2010,6.1,104 min
1134,Black Knight,-2001,4.9,95 min
1135,The Hidden Fortress,-1958,8.1,126 min
1136,Stuart Little 2,-2002,5.5,77 min
1137,The Christmas Chronicles: Part Two,-2020,6,112 min
1138,Sin Nombre,-2009,7.5,96 min
1139,The Girl Who Leapt Through Time,-2006,7.7,98 min
1140,Cirque du Freak: The Vampire's Assistant,-2009,5.8,109 min
1141,Two Mules for Sister Sara,-1970,7,116 min
1142,The Tale of Despereaux,-2008,6.1,93 min
1143,Book of Shadows: Blair Witch 2,-2000,4,90 min
1144,Mr. Nice Guy,-1997,6.2,88 min
1145,The Three Burials of Melquiades Estrada,-2005,7.4,121 min
1146,Shaun the Sheep Movie,-2015,7.3,85 min
1147,The Christmas Chronicles,-2018,7,104 min
1148,Tokyo Godfathers,-2003,7.8,92 min
1149,The Good the Bad the Weird,-2008,7.2,130 min
1150,Black Sea,-2014,6.4,114 min
1151,The Ant Bully,-2006,5.8,88 min
1152,The Quest,-1996,5.5,95 min
1153,The Art of War,-2000,5.7,117 min
1154,Asterix at the Olympic Games,-2008,5.1,116 min
1155,Babe: Pig in the City,-1998,5.8,97 min
1156,A Very Harold & Kumar Christmas,-2011,6.3,90 min
1157,A Lonely Place to Die,-2011,6.2,99 min
1158,Summer Wars,-2009,7.4,114 min
1159,The 100 Year-Old Man Who Climbed Out the Window and Disappeared,-2013,7.1,114 min
1160,The Boxtrolls,-2014,6.8,96 min
1161,G.O.R.A.,-2003,8.1,127 min
1162,Bajrangi Bhaijaan,-2015,8.1,163 min
1163,Transamerica,-2005,7.4,103 min
1164,Ned Kelly,-2003,6.4,110 min
1165,The Nut Job,(I) (2014),5.7,85 min
1166,Son of Rambow,-2007,7,96 min
1167,Sullivan's Travels,-1941,7.9,90 min
1168,Beyond Borders,-2003,6.4,127 min
1169,Tiger Zinda Hai,-2017,6,161 min
1170,Escape from Planet Earth,-2012,5.9,89 min
1171,Final Fantasy VII: Advent Children,-2005,7.2,101 min
1172,DuckTales the Movie: Treasure of the Lost Lamp,-1990,6.8,74 min
1173,Arthur Christmas,-2011,7.1,97 min
1174,The Last Days on Mars,-2013,5.5,98 min
1175,Rare Exports,-2010,6.6,84 min
1176,The Hunting Party,-2007,6.8,101 min
1177,Chennai Express,-2013,6.2,141 min
1178,Mutant Chronicles,-2008,5.2,111 min
1179,Dragon Ball Z: Battle of Gods,-2013,7.2,85 min
1180,Ek Tha Tiger,-2012,5.6,132 min
1181,Sholay,-1975,8.1,162 min
1182,Ra.One,-2011,4.9,156 min
1183,Queen,-2013,8.2,146 min
1184,Universal Soldier: Regeneration,-2009,5.3,97 min
1185,Goal II: Living the Dream,-2007,5.8,115 min
1186,The Warlords,-2007,7,126 min
1187,Yahsi Bati,-2009,7.4,112 min
1188,Recep Ivedik,-2008,4.7,90 min
